Sequence,exact miRNA,hairpin miRNA,mature tRNA,primary tRNA,snoRNA,rRNA,ncrna others,mRNA,isomiR miRNA,SRR772403
TAACCTACCATAGGGTAAAACCACTGGCAGGA,,,,,,,,,,10
GCGGTGCATTGCTGTTGCATTGCACGTG,,,,,,,,,,10
AGGAGGTCAGGAGCAATAATGAAAAACGGTTT,,,,,,,,,,10
CTCTCCCTGTCCTCCAGGAGCTCACGTGTGCC,,,,,,,,,,10
TTCATAAAGCTAGATAACCGAAAGTAAAAACTC,,,,,,,,,,10
CAGTACAATCAGCTAATGACACTGCCTACAAAC,,,,,,,,,,10
CCGCGGCGGGGACGGCGATTGGTCCGTAT,,,,,,,,,,10
ATGTCTCAGTCTCATCTGCAAAGAAGTAAGTGC,,,,,,,,,,10
CTCTTCTCAAGAGGGAGGCAATCATGTGTA,,,,,,,,,,10
TAAAGCGTACGCTATACGGTCTACTATCTCTC,,,,,,,,,,10
TGGAAAAGAGGTTAACCAGGTGTGTTTCGTC,,,,,,,,,,10
GCGTGTGGGTGTGTGCATGAGCGTGGACCC,,,,,,,,,,10
CCCTAGCACACAGATACGCCCAGAGAA,,,,,,,,,,10
TAAAGCGAATCCACCACGAACAACTTCTCTTC,,,,,,,,,,10
GAATATAAGACGAACAAAAGGTTTGTCTGAGG,,,,,,,,,,10
TGGATATAATACAACCTGCTAAGTGTCCTAG,,,,,,,,,,10
GGCAAGTGTATATGCCCATGGACTGCATGGTGCT,,,,,,,,,,10
AGAAGATGTGGACCATATTACATACGACA,,,,,,,,,,10
GCTATGGAATGTAAAGAAGTATGTATTTTTGGT,,,,,,,,,,10
TGGAAAAGAGGTTAACCAGGTGTGTTTCGTC,,,,,,,,,,10
TGGGGAAAGCTAGGAGGCCGTATAGTGATC,,,,,,,,,,10
ATGAGATATTTTGAGTGTTTGGAATTGAACTCG,,,,,,,,,,10
ATTTGTAAGGCACCCTTCTGAGTAGAGTAAT,,,,,,,,,,10
AGTAAGCCTCTAAAAGGAAGCACTTTCTCTTCT,,,,,,,,,,10
TCCTGTAATCCATGCACACAGGAGGTGTTTT,,,,,,,,,,10
ACAAACAGAAAGCGCTTCCCTTTGGAGGGTCAC,,,,,,,,,,10
TGGAATTGCACTTTAGCAATGGTGATGGATT,,,,,,,,,,10
GGCCTCCAGACCCCTCGTTCAGGGCCCACC,,,,,,,,,,10
CGGTAACCCTCTAAAAGGAAGCACTTGCTTTT,,,,,,,,,,10
CCCTACTCTGGAGAGTGACAATCATGTATAA,,,,,,,,,,10
CTCTCCATTACACTACCCTGCCTCTTCTCC,,,,,,,,,,10
AAAAAGAGGTTTCCCGTGTATGTTTCATCATA,,,,,,,,,,10
TGCTACCGCACTGTGGGTACTTGCTGCTCCAGC,,,,,,,,,,10
AGCACGGGAGTGAAGACACGGAGCCAGAGCTCG,,,,,,,,,,10
CATGTGGCCCTGACACGTGGTACTGGAGGCTC,,,,,,,,,,10
AATCAACATTCATTGCTGTCGGTGGGTTGAACTG,,,,,,,,,,10
GGTAGGAGGAATTGGTGCTGGTCTTTCATTTTG,,,,,,,,,,10
GCCTCTGAAACCAAGTATGGGTCGCCTTCC,,,,,,,,,,10
TACTCAAAAAGAAATTGTCCTTGTATGATTCATC,,,,,,,,,,10
GTAACACTCTAAAGGGAAGTGCGTTCTTTT,,,,,,,,,,10
TCACAACCCACCGACAACAATGAATGTTGATTG,,,,,,,,,,10
AGGAAACCGTTACCATTACTGAGTTTAGTAATGG,,,,,,,,,,10
AAGAAGCAATACTGTTACCTGAAATAGGCT,,,,,,,,,,10
ACGTAACCATAGAAGGAAAATCTACCTTTT,,,,,,,,,,10
CTACCCAGTGTTTAGACTATCTGTTCAGGACT,,,,,,,,,,10
AAAATGACCTATGAATTGACAGACAATATA,,,,,,,,,,10
AAAAATTGCACGGTATCCATCTGTAAACCGCA,,,,,,,,,,10
AACTCAACAGGCCGGGACAAGTGCAATACCATA,,,,,,,,,,10
GGAGTGGGACCGACAGCAGAATCCTTTCCCTG,,,,,,,,,,10
GCTCTAGCAGCACAGAAATATTGGCACAGGGAA,,,,,,,,,,10
GCGTAACACTCTAAAGGGAACCATTTTCTTTTC,,,,,,,,,,10
AAATAAGTGCTTCCATGTTTGAGTGTGGTGG,,,,,,,,,,10
GTGACGCTCAAATGTCGCAGCACTTTCCACT,,,,,,,,,,10
GACCCACTGCCCCAGGTGCTGCTGGGGGTT,,,,,,,,,,10
GGGATCCGTCTCAGTTACTTTATAGCCATACCT,,,,,,,,,,10
GTCACAAATTCGTATCTAGGGGAATATGTAGT,,,,,,,,,,10
TTGGTTCTAGGATAGGCCCAGGGGCCTGGT,,,,,,,,,,10
CAGAACAACAAAATCACTAGTCTTCCACACAG,,,,,,,,,,10
ATTTGCAGGAACTTGTGAGTCTCCTATTGAAA,,,,,,,,,,10
GAAAGAGGTTGACTGTATAATATTCATCA,,,,,,,,,,10
ATGCCCCTCTGGTCAACCAGTCACACACCC,,,,,,,,,,10
AACAGAAAGTGCTTCTTACCTCCAGATGGTCA,,,,,,,,,,10
TAATCCTCTAAAGAGAAGCGCTTTCTTTTC,,,,,,,,,,10
TCACTCTCGTACAGTGTATCGGCCCCCCTTCCCA,,,,,,,,,,10
CCGTAATCCAGCAAAGGGAAGCGCTTTCTCTTCT,,,,,,,,,,10
GGATTCAAGTAATCCAGGATAGGCTGTTTCCA,,,,,,,,,,10
TTCATAAAGCTAGATAACCGAAAGTAAAAATAA,,,,,,,,,,10
CGTAACGCTCCAAAGGGAAGCGCTTTGGTTTCT,,,,,,,,,,10
GCGAGAAGCCCTGCAAGACGACCTGCAACGTTA,,,,,,,,,,10
AACACTACCTGCACTATAAGCACTTTAGTGCT,,,,,,,,,,10
AAAAGAGGTCGACCGTGTATTGGGCATCA,,,,,,,,,,10
GTTAGGAAAGACAGTAGATTGTATAGTTATC,,,,,,,,,,10
ATAGAAAAACGCCCCCTGGCTTGAAATCACA,,,,,,,,,,10
GAACAAAAGTCAAGCTTATCCTAAAAAGCA,,,,,,,,,,10
CAGTCAGTTTTGCATGGATTTGCACAGCAGAA,,,,,,,,,,10
ACAAGAGAAAGTGCTTCCCTTTGTAGGGTCA,,,,,,,,,,10
AAGTAGCAGCACATAATGGTTTGTGGATTT,,,,,,,,,,10
GACACAACCCATGGAATTCAGTTCTCAAAGCTG,,,,,,,,,,10
TGGTCAAATGCTCAGACTCCTGTGGTGGCTGC,,,,,,,,,,10
GACTTCCCTTTGTCATCCTATGCCTGAGAAT,,,,,,,,,,10
GGCAACCGTGGCTTTCGATTGTTACTGTGGG,,,,,,,,,,10
GCAAATGAGAGTCTCCCCCTGTATATTCGCC,,,,,,,,,,10
ACCATCCAACACTGTACTGGAAGATGGACCCA,,,,,,,,,,10
ATAAAGCGAATATAACACGGTCGATCTCCCTT,,,,,,,,,,10
AAGTCAGTGCACTACAGAACTTTGTCTCTAGA,,,,,,,,,,10
GAAAACGTGGAATTTCCTCTATGTTTAACC,,,,,,,,,,10
GGGATGAGGTAGTAGATTGTATAGTTTTAGGGT,,,,,,,,,,10
CAATCCCAACAACATGAAACTACCTAAGCCA,,,,,,,,,,10
CATTAAATCAAGGTCCGCTGTGAACACGGAGAGC,,,,,,,,,,10
CAAAGTAGTTCTTTGGTCTCACAGACAGAA,,,,,,,,,,10
CTCTCTGAATCCTTGCCCAGGTGCATTGCATT,,,,,,,,,,10
TGAAAACAGGCCATCTGTGTTATATTCGTCA,,,,,,,,,,10
CCGTAATCCAGCAAAGGGAAGCGCTTTCTCTTCT,,,,,,,,,,10
CAACAGAAAGTGCTTCTTTCCTCGAGAAGGTCAC,,,,,,,,,,10
CTGTGTATGGCACTGGTAGAATTCACTGTGAACA,,,,,,,,,,10
ATCATCAACAGACATTAATTGGGCGCCTGCTCTG,,,,,,,,,,10
TCGACTCGGCGTGGCGTCGGTCGTGGTAGATA,,,,,,,,,,10
CACAAACCCGTAGATCCGAACTTGTGGTATTAG,,,,,,,,,,10
GGATGAAGAAAGGCATCATATAGGAGCTGGA,,,,,,,,,,10
CCGAAACAGTCCAAAGGGAAGCACTTTCTTTTC,,,,,,,,,,10
GCATGTAAACCATGATGTGCTGCTACAGTA,,,,,,,,,,10
AACAGTCAACATCAGTCTGATAAGCTACCCGA,,,,,,,,,,10
CAGTCAGTGCATGACAGAACTTGGGCCCGGA,,,,,,,,,,10
TCAATGCAATTTAGTGTGTGTGATATTTTCACA,,,,,,,,,,10
ATAGAAAAGTCTCGCTCTCTGCCCCTCAGCCTAA,,,,,,,,,,10
AGTGAACATACAAAGGGTATCCTCTCTTTA,,,,,,,,,,10
CACTCTCACCCAGGTAGCAAGGATTAGAGAG,,,,,,,,,,10
CATCTCGGGGATCATCATGTCACGAGATACCA,,,,,,,,,,10
AGGTAAAGAGCCCTGTGGAGACACCTGGATT,,,,,,,,,,10
TCCTCACAGGTTAAAGGGTCTCAGGGACCTAG,,,,,,,,,,10
GGGTTAGGGCCCTGGCTCCATCTCCTTTAG,,,,,,,,,,10
TGGACGGTTTTACCAGACAGTATTAGACAGAG,,,,,,,,,,10
CTGAAAAAGTGGATGACCCTGTACGATTCGACA,,,,,,,,,,10
ACCTTCTAGTAAGAGTGGCAGTCGAAGGGAA,,,,,,,,,,10
ATAACAGGTGCTCAAATAAGACTTGTTGGTT,,,,,,,,,,10
AACAATAAGGATTTTTAGGGGCATTATGACT,,,,,,,,,,10
GGGTGAGGTAGTAAGTTGTATTGTTGTGGG,,,,,,,,,,10
TAGCGTCAACACTTGCTGGTTTCCTCTCTGGA,,,,,,,,,,10
GTGTGATATGTTTGATATTGGGTTGTTTAATTA,,,,,,,,,,10
CCTTTGTGCTTGATCTAACCATGTGGTGGAAC,,,,,,,,,,10
GGCCTCCATCATTACCCGGCAGTATTAGAGACTC,,,,,,,,,,10
CAGGAGACTGATGAGTTCCCGGGAACACCC,,,,,,,,,,10
CAGAGTCCAGATTCTGTGCCCACCACCCAT,,,,,,,,,,10
CCGAAACCACACACTTCCTTACATTCCATAGCA,,,,,,,,,,10
TATACTGGAGATATGGAAGAGCTGTGTTGGGTA,,,,,,,,,,10
CTCTATGGCTTTTTATTCCTATGTGATTCTAC,,,,,,,,,,10
CATCAGGTACCAATATTTTATCTACTCTTC,,,,,,,,,,10
GGCACCTTGGCTCTAGACTGCTTACTGCCCGG,,,,,,,,,,10
ATTAGCAATCAGCTAACTACACTGCCTAGTAA,,,,,,,,,,10
CCCTACTTGGAAAGGCATCAGTTGCTTAGAT,,,,,,,,,,10
CAGAGCGAGAGTGCGGGCCCCAGGAGGGGCC,,,,,,,,,,10
CTTACAGCTTCCAGTCAAGGATGTTTACAGTAGCA,,,,,,,,,,10
AAGCGAATTCACCAAGGGCAACCTCTGCTCA,,,,,,,,,,10
CTCATAGATGATATGCACAGTACTACCAACT,,,,,,,,,,10
AACTCTGCCCCCTCCGCTGCTGCCAAGTGG,,,,,,,,,,10
GGGACACCCCAAAATCGAAGCACTTCCCAGT,,,,,,,,,,10
AATGCTCTGACTTTATTGCACTACTGTACTTT,,,,,,,,,,10
GTTCCAGTGGGGCTGCTGTTATCTGGGGCG,,,,,,,,,,10
CCTGAAACCACACAACCTACTACCTCACCCCGC,,,,,,,,,,10
GGGTCTAGTGGTCCTAAACATTTCACAATTGC,,,,,,,,,,10
CGTAACACTCCAAAGGGAAGCGCCTTCTTTTCC,,,,,,,,,,10
TTTTGATGGCAGTGGAGTTAGTGATTGTAAC,,,,,,,,,,10
AAGAGGTGGAGCCCTGAGAACCGGAGGAAAA,,,,,,,,,,10
GCCCCTGGCCCTCTCTGCCCTTCCGTCCCCT,,,,,,,,,,10
CAGTAAACCTCTAAAAGGATGCACTTTCTTTTCTTTC,,,,,,,,,,10
TTTACTGACTGCAGAGCAAAAGACACGATGGG,,,,,,,,,,10
GTCTGTCTGCCCGCATGCCTGCCTCTCTGTT,,,,,,,,,,10
TCCTACTCAGGAGAGTGGCAATCACATGTAAT,,,,,,,,,,10
GTGTACAGTAGTCTGCACATTGGTTAGGCTGG,,,,,,,,,,10
AGCTACAGCTGGTTGAAGGGGACCAAATCCAT,,,,,,,,,,10
CTAAAGGTGATGGTCAGCAGACATATGGCAC,,,,,,,,,,10
ATCAACTCCTGTATGAAGCCGTTCCCACC,,,,,,,,,,10
ACGCTGTATGCCCTCACCGCTCAGCCCCTG,,,,,,,,,,10
GACACAAGGATGAATCTTTGTTACTGACTGCA,,,,,,,,,,10
CCCGTGCCTACTGAGCTGAAACACAGTTGGTT,,,,,,,,,,10
CCATTCTTCAGTTATCACAGTACTGTACCTTTC,,,,,,,,,,10
AGCACTCTCACCCAGGTAGCAAGGATTAGAGAG,,,,,,,,,,10
TACTACCAGTGTCTCCAGTAGTAGACAGAAGCCT,,,,,,,,,,10
GGCTGACCGATTTCTCCTGGTGTTCAGAGTCT,,,,,,,,,,10
ATCTAAGGGATTCCTGGGAAAACTGGACCGTGAG,,,,,,,,,,10
CTCTCGACAGCACGACACTGCCTTCATTACT,,,,,,,,,,10
ATAATGCTACAAGTGCCTTCACTGCAGTAGATG,,,,,,,,,,10
TTATCTTTGGTTATCTAGCTGTATGAGTGTA,,,,,,,,,,10
AAAGGAGATTGGCCATGTAATACTCATCATA,,,,,,,,,,10
AGGTAGGCAGTGTATTGCTAGCGGCTGTTAATGA,,,,,,,,,,10
AAGTATTGCACTTGTCCCGGCCTGTGGAAGA,,,,,,,,,,10
ACAATTAAGGCACGCGGTGAATGCCAAGAATGGGG,,,,,,,,,,10
GGTAACACTCAAAAGATGGCGGCACTTTCACC,,,,,,,,,,10
GTTAACACTCTGAAGGGAAGCGCTTTCTTTTC,,,,,,,,,,10
CCCAAACTCACCGACAGCGTTGAATGTTCCTTGG,,,,,,,,,,10
CCATCAGTTTTGCATAGATTTGCACAACTACA,,,,,,,,,,10
AATTAGGTAGTTTCATGTTGTTGGGCCTGGGT,,,,,,,,,,10
CACTGATTGTCCAAACGCAATTCTTGTAC,,,,,,,,,,10
GACAACAGAAAGGGCTTCCCTTTGCAGTCACAG,,,,,,,,,,10
CTATCACATAGGAATAAAAAGCCATAAAGCA,,,,,,,,,,10
GTGTTGAAACAATCTCTACTGAACCAGCTT,,,,,,,,,,10
CAGAAAGTGCCCCCACAGTTTGAGTGCCAC,,,,,,,,,,10
AGTAACGCTCCAAAAGAAGGCACTCTGCTTT,,,,,,,,,,10
TAAAGCGAAGGCAACACGGATAACCTATCTTC,,,,,,,,,,10
ATGCCCAACAGACATGGCGGTACTCAGCAGA,,,,,,,,,,10
ACAAATCACATTGCCAGGGATTTCCAACCGACC,,,,,,,,,,10
GTAACACTCTAAAGGGATGCACGATCTTTT,,,,,,,,,,10
AAAAAGATGAGCTAATGGTAATATGAAAT,,,,,,,,,,10
ATGAACCTGGCATACAATGTAGATTTCTGTGTTC,,,,,,,,,,10
TTGTTTGAAAGGCTATTTCTTGGTCAGATGA,,,,,,,,,,10
GCGTTTTGTTCGTTCGGCTCGCGTGAGGCAGG,,,,,,,,,,10
TCGCCTCTGGGCCCTTCCTCCAGCCCC,,,,,,,,,,10
CTCCTTCCCATTCCACAAGCCCTGATGGGCC,,,,,,,,,,10
TCATTGGACCTCAGCTATGACAGCACTTTCATTC,,,,,,,,,,10
GGCATCCTGTACTGAGCTGCCCCGAGGCCCT,,,,,,,,,,10
TTGTACAGTAGTCTGCACATTGGTTAGACTGGG,,,,,,,,,,10
TGAAAACGTGGATTTTCCTCTATGATTAATCA,,,,,,,,,,10
TCGCTCCCCACAGACCCAGAGCCGAATTTC,,,,,,,,,,10
AAAAGTAAGTGCTTCCATGTTTTAGTAGGAGTG,,,,,,,,,,10
CACTAAAGCAGCACAGTAATATTGGTGTTTA,,,,,,,,,,10
GATACAGCAGCAATTCATGTTTTGAAGTGTTC,,,,,,,,,,10
CAGTAACACTCTAAAAGGATGCACGATCTTTTC,,,,,,,,,,10
GTAACACTCTAAAGGGATGCACGATCTTTT,,,,,,,,,,10
ATACCACACAAATTCGGTTCTACAGGGTATATATA,,,,,,,,,,10
GGAGTGACATCACATATACGGCAGCTAAAC,,,,,,,,,,10
TGATTCTAAATCTCATAGTGCCTTCTCTGTT,,,,,,,,,,10
AGTAACGCTCCAAAAGAAGGCACTCTGCTTT,,,,,,,,,,10
GAGATGGGACATCCTACATATGCAACCAGC,,,,,,,,,,10
CCTCAGATCAGAAGGTGATTGTGGCTTTGGGTG,,,,,,,,,,10
TTGTTATTGCTTAAGAATACGCGTAGTCGAGG,,,,,,,,,,10
CTGTGAGCGCCTCGACGACAGAGCCGGCGCC,,,,,,,,,,10
GAAACACATCTGCCCCCAAAAGTCCCTCATTT,,,,,,,,,,10
TCAAAAAGAGGTTAACCATGTATTATTCATGA,,,,,,,,,,10
AACAAAGGAGGAAATAGGCAGGCCAGGGAA,,,,,,,,,,10
TTCCATGGTGCTTGACGGAACCATGTTTTACTC,,,,,,,,,,10
CTCCAAAGTGCTGTTCGTGCAGGTAGTGTGAT,,,,,,,,,,10
AGAACCCTATCAATATTGTCTCTGCTGTGTA,,,,,,,,,,10
GGGTAACCCTCTATAGGGAAGCGCGTTCTTTTCT,,,,,,,,,,10
AAATGATTGGTACGTCTGTGGGTAGAGTACT,,,,,,,,,,10
GAGGGTTAGTGGACCAGGTCACAAACGGCA,,,,,,,,,,10
ATGTCACTGGCTCCTTTCTGGGTAGAGCAAG,,,,,,,,,,10
CTCACAGCCTATGGAATTCAGTTCTCAGTGCC,,,,,,,,,,10
CTTTGAATCCTTGAATAGGTGTGTTGCACT,,,,,,,,,,10
TATAGTAGTGCAACAGGGAAAGAGTGTCGG,,,,,,,,,,10
CGAGACAAAGTTCTGTGATGCACTGACTTTC,,,,,,,,,,10
CTCGAGAATTGCGTTTGGACAATCAGGAGC,,,,,,,,,,10
CTCACAGAGAGCTTGCCCTTGTATATTCCAT,,,,,,,,,,10
ACATGCAATGCAACTACAATGCACCACAG,,,,,,,,,,10
CAGATACTGCATCAGGAACTGATTGGATAAGAA,,,,,,,,,,10
TCCGACCGCTTCAAGGAAGGGACTAGGAGC,,,,,,,,,,10
CCGTAACCCACCAAAGAGAAGCACTTTCTTTTC,,,,,,,,,,10
ACGCCTACGTTCCATAGTCTACCATCTCT,,,,,,,,,,10
CCCTCACAGTGGTCTCTGGGATTATGCTAAAC,,,,,,,,,,10
GACCAGCCAAGCTCAGACGGATCCGATGATCT,,,,,,,,,,10
GTAACACTCTAAAGGGAAGTGCGTTCTTTT,,,,,,,,,,10
GTCACCCATAAAGTAGAAAGCACTACTAACAG,,,,,,,,,,10
CTTCTGCAAGCCTTGGGTGTGGGAGGGTAAT,,,,,,,,,,10
TAACAACCTAATATATCAAACATATCACACAG,,,,,,,,,,10
ACGTAAACATAGAAGGAATATCCACGTTTT,,,,,,,,,,10
AGGTGCTGGATCAGTGGTTCGAGTCTGAG,,,,,,,,,,10
CCATTATAATACAACCTGATAAGTGTTATA,,,,,,,,,,10
TCTGAAGACTCATTTGAGACGATGATGGAGCA,,,,,,,,,,10
ATCAAGCAGCATTGTACAGGGCTATGAAGGCAT,,,,,,,,,,10
AGGTGCAGAACTTAGCCACTGTGAACAAAGC,,,,,,,,,,10
AAAAGAGAGGAGAGCCGTGTATGACTCGCT,,,,,,,,,,10
CAACAGCTACATTGTCTGCTGGGTTTCAGGCTAC,,,,,,,,,,10
TGTCACTGTGTCCTTTCTGCGTAGAGTAAG,,,,,,,,,,10
GAGAAGAAGTAGACCATGTGTCCTACGTCA,,,,,,,,,,10
GTGTGGAAGACTAGTGATTTTGTTGTTTTTAGA,,,,,,,,,,10
AGAAGCGCCTTTGGCAGCTAGAGTCCACA,,,,,,,,,,10
GACAACAACAAAATCACTAGTCTTCCAGATGG,,,,,,,,,,10
GCTAAAGCTGCCAGTTGAAGAACTGTTGCCCT,,,,,,,,,,10
GGTAACACTCTAAAGGGAAGCACTTTGTTTTTT,,,,,,,,,,10
GAAAAACTGGATGTCCCTGTATGATTCGTCA,,,,,,,,,,10
AAGTCCTCCCATGCCAAGAACTCCCAGAC,,,,,,,,,,10
ACAACAGAAAGTGCTTTCTTTTGGAGAATGACT,,,,,,,,,,10
GACACAGACCCATAGAAGCGAGCTTGTGCGG,,,,,,,,,,10
TTTGAACATCGTTACCAGACAGTGTTAGAGTC,,,,,,,,,,10
TCATTGGACCTCAGCTATGACAGCACTTTCATTC,,,,,,,,,,10
TTATCTTTGGTTATCTAGCTGTATGAGTGGT,,,,,,,,,,10
TTGTCTAGCACCATTTGAAATCAGTGTTCTTGG,,,,,,,,,,10
CCAGAGGGCCCCCCCTCAATCCTGTTGTGCCT,,,,,,,,,,10
GAGTTAAACATCACTGCAAGTCTTAACAGCC,,,,,,,,,,10
TCCTCTCCAACAATATCCTGGTGCTGAGTGATGA,,,,,,,,,,10
TGTGTAACTGCAGAGACGTGACCTGGCTTCT,,,,,,,,,,10
CTCAAACCCACCGACAGCAATGAATGTTGAGTGC,,,,,,,,,,10
GAGACAGACTCCGGTGGAATGAAGGACAAGA,,,,,,,,,,10
CACTTGGGGTATTTGACAAACTGACACTCTA,,,,,,,,,,10
GGCTCAGTTATCACAGTGCTGATGCTGTCTAT,,,,,,,,,,10
CCCTACTCCAGAGGGCGTCACTCATGTAAACT,,,,,,,,,,10
TGCACAGCCTATCCTGGATTACTTGAACGAGG,,,,,,,,,,10
ACAATTACTTTCCAACTGGTCGACCATCCAT,,,,,,,,,,10
ATGTCACTGTTTCCTTTCTGAGTGGAGTAGGG,,,,,,,,,,10
GCACTCTCACCCAGGGACAAAGGATTAGAGA,,,,,,,,,,10
CCCTACTCTGGAGAGTGACAATCATGTATAA,,,,,,,,,,10
CTAGCAAGGCAGTAGCTTGCGCAGTTATC,,,,,,,,,,10
TGGAATGACACGATCACTCCCGTTGAGTGGGCA,,,,,,,,,,10
GGTTGAGGTAGTAGGTTGTATAGTTTAGAAT,,,,,,,,,,10
CAGTTGCATAGTCACAAAAGTGATCATTGGAA,,,,,,,,,,10
CTGTTTCCATGCCTCCTAGAAGTTCCGAAGC,,,,,,,,,,10
CAACAGAAAGTGCTTCTTTCCTCGAGAAGGTCAC,,,,,,,,,,10
ATGTATTGGGGACATTTTGCATTCATAGTTT,,,,,,,,,,10
CGTAAACCTCTAAAGGGGAGCGCTTTGTTTTCT,,,,,,,,,,10
TTCTACTTTCGGTTATCTAGCTTTATGACGG,,,,,,,,,,10
AACACAAAGTGCTTCTTACCTCCAGATGGTCA,,,,,,,,,,10
ACGAGCAGACCTGAGTAGCGCAAGGTGTGGAC,,,,,,,,,,10
TGGTCAAATGCTCAGACTCCTGTGGTGGCTGC,,,,,,,,,,10
TAGCGCATGTTCTATGGTCAACCATCTTTT,,,,,,,,,,10
CCCTATTCAGAAAGGTGCCAGTCACTTAGA,,,,,,,,,,10
AGCAGGGCTTAGCTGCTTGTGAGCAGGGTCCA,,,,,,,,,,10
GCCGGAGGCCGGGACGAGTGCAATATTGGC,,,,,,,,,,10
TGAGATACATACTTCTTTACATTCCATAGCTT,,,,,,,,,,10
TCTACTGTAGTATGGGCACTTCCAGTACTCT,,,,,,,,,,10
AAGTGCACGTCACCGGTCTACCATCCCCTCAG,,,,,,,,,,10
CAGATACTTTTTGGGGTAAGGGCTTCCTGACT,,,,,,,,,,10
TAAGAGCTTTTGGGAATTCAGGTAGTTCAGG,,,,,,,,,,10
CCTTATTCAGGAAGGTGTTACTTAATAGATT,,,,,,,,,,10
CAAGACTGAGGGGCCTCAGACCGAGCTTTTGGAA,,,,,,,,,,10
CAAAGAGGTCGACCGTGTAATGTGCGCCAT,,,,,,,,,,10
GGGCAACGGAATCCCAAAAGCAGCTGTTGTCTC,,,,,,,,,,10
TATGTTTTGCACCTTTTGGAGTGAAATAATG,,,,,,,,,,10
GAGAACACCGAGGAGCCCATCATGATCCTTC,,,,,,,,,,10
TGTAAAAGTGCTTACAGTGCAGGTAGCTTTTT,,,,,,,,,,10
CACAGCTCATCCGATGTACAATAATTTCTCTTT,,,,,,,,,,10
CTCATGCTGACATATTTACTAGAGGGTAAAAT,,,,,,,,,,10
GCCTATGGCTTTTCATTCCTATGTGATTGCTG,,,,,,,,,,10
GGCTAAAGTGCTGACAGTGCAGATAGTGGT,,,,,,,,,,10
CTGTCTCCCAACCCTTGTACCAGTGCTGGGC,,,,,,,,,,10
CTAGGTCCCAAGAGCCTGACTTGTGATGT,,,,,,,,,,10
ACCACTTAAACGTGGATGTACTTGCTTTGAAACTAA,,,,,,,,,,10
GGTAACCCTCTAAAAGGAAGCACTTTCTTTT,,,,,,,,,,10
CCCTACTCTGGAGAGTGACAATCATGTATAA,,,,,,,,,,10
TGCACAACTCAACAACCTTAGGACAGCATTC,,,,,,,,,,10
AAGTAAGTGCTTCCATGTTTCAGTGGAGGTG,,,,,,,,,,10
ACCATTCTGTCTTTTGCTACACATTCACAAAA,,,,,,,,,,10
CAACAGAAAGCGCTTTCCTTTGTAGACTCAT,,,,,,,,,,10
GGATCCACCCAATGACCTACTCCAAGACCTGG,,,,,,,,,,10
AAGTGTAACAGCAACTCCATGTGGACTGTGTA,,,,,,,,,,10
GTCTGCCTGTCTACACTTGCTGTGCAGAACA,,,,,,,,,,10
TCATGTAAACATCCTACACTCAGCTGTAATA,,,,,,,,,,10
TCTTTATCCAGCTTGTTACTATATGCTTTT,,,,,,,,,,10
CCTTAGCAGCACGTAAATATTGGCGTTAAGAT,,,,,,,,,,10
ATACTGCACTTTTATGAATAAGCTCATTTC,,,,,,,,,,10
AGTGAACATTCAACGCTGTCGGTGAGTTTGGAAT,,,,,,,,,,10
CTGGCCCCGCGCAGCCCCATGGCCAAGGAGA,,,,,,,,,,10
TATTTGAGAATGATGAATCATTAGGTTCCG,,,,,,,,,,10
CCAAGAAGCGGTTTACCATCCCACATACATATT,,,,,,,,,,10
GAAAAAGAAGTGCACCGCGAATGTTTCGTCA,,,,,,,,,,10
TTCACTATCTGCACTAGATGCACCTTAGAACAA,,,,,,,,,,10
GACACAAACACCATTGTCACACTCCACAGCT,,,,,,,,,,10
TCAAGCAGCATTGTACAGGGCTATCAAAGCAC,,,,,,,,,,10
TGACACTCCTGAATGAATATGAGGAAACCCAA,,,,,,,,,,10
TTGTTTCCGGCTCGCGTGGGTGTGTCGGCG,,,,,,,,,,10
GGATACATCTGGACAGCCGAATGAACTCTT,,,,,,,,,,10
AGATGCTTTGACAATATCATTGCACTGCTTCT,,,,,,,,,,10
ACCTGAGGCTCTGTTAGCCTTGGCTCTGGGTC,,,,,,,,,,10
AAATGATTGGTACGTCTGTGGGTAGAGTACT,,,,,,,,,,10
GTAACTCTAAAGGGAAGCACTTTGTTTTTT,,,,,,,,,,10
CTGGAAAATCTCTGCAGGCAAATGTGATGTCACTG,,,,,,,,,,10
CTCTACTCAAAAAGCTGTCAGTCACTTAG,,,,,,,,,,10
CTCTGGCAAAGTTTAAGATCCTTGATGTTCC,,,,,,,,,,10
GAGAGGCGGAGACTTGGGCAATTGCTGGACG,,,,,,,,,,10
AGGCTGAGGTAGTAGTTTGTACAGTTTGAGGG,,,,,,,,,,10
CTTTTCTAAATGAATTCAATTTCCTTCTTTCTA,,,,,,,,,,10
CCTAAGAAAGGCAGCAGGTCGTATAGTTACC,,,,,,,,,,10
ATGTTGCAGCTGCCTGGGAGTGACTTCACACAG,,,,,,,,,,10
CGGCGCATTATTACTCACGGTACGAGTTTGA,,,,,,,,,,10
GGAACAAAAAAAAAAGCCCAACCCTTCACAC,,,,,,,,,,10
AGACTGCTGTTAGCCCTAGCCCCGCACCTTG,,,,,,,,,,10
CCCACAACTATACAATCTACTACCTCACTCTG,,,,,,,,,,10
CTGGGATATCATCATATACTGTAAGTTTGCGATG,,,,,,,,,,10
CCCCAGCAGCACACTGTGGTTTGTACGGCAC,,,,,,,,,,10
TCAACAGCATGGAGTCCTCCAGGTTGGTGCATCT,,,,,,,,,,10
TATTTTTGCAATATGTTCCTGAATATGTAAT,,,,,,,,,,10
GTGGCCCTGGTGTTGTGAAGTAGCCGTTCTCT,,,,,,,,,,10
TTTCTAGCACCATCTGAAATCGGTTATAATG,,,,,,,,,,10
AGCTGCAGGACCAAGATGAGCCCTTGGTGG,,,,,,,,,,10
CTAAAGAGGTATAGGGCATGGGAAAACGGGG,,,,,,,,,,10
TGCCTCACCTGAGCTCCCGTGCCTGTGCAC,,,,,,,,,,10
GCACTCATACAGCTAGATAACCAAAGAGAGAA,,,,,,,,,,10
GGGAGGTTCCCTCTCCAAATGTGTCTTGATC,,,,,,,,,,10
TCCATCCAATGCTGCCCAGTAAGATGGCCACG,,,,,,,,,,10
TGGATTTGGTCCCCTTCAACCAGCTGTAGCTAT,,,,,,,,,,10
CATTAAATCAAGGTCCGCTGTGAACACGCAGAG,,,,,,,,,,10
GCCCCTGAGAACCACGTCTGCTCTGAGCTGGGTA,,,,,,,,,,10
CGAGCAAAGCACACGGCCTGCAGAGAGGCAGCG,,,,,,,,,,10
GGGAAGACGGGAGGAAAGAAGGGAGTGGTTC,,,,,,,,,,10
GATTTTGGCACTAGCACATTTTTGCTTGTGT,,,,,,,,,,10
GTGCACAGGCATGGGAGGTCAGGTGAGCTC,,,,,,,,,,10
CAAACATTTTTCGTTATTGCTCTTGACCCCC,,,,,,,,,,10
GAGGTTCTCCCAACGTAAGCCCAGCCCCTCC,,,,,,,,,,10
TTGCGTGGTAATCCCTGGCAATGTGATTTTAAT,,,,,,,,,,10
AAAGCTGGGAGAAGGCTGTTTACTCTTTCTGC,,,,,,,,,,10
ACTGACCAGAGATGCAGCACTGCACCTCAGG,,,,,,,,,,10
CTCACCCTCCACCATGCAAGGGATGTGAGA,,,,,,,,,,10
CCAAAAGCGGGACTTTGAGGGCCAGTTGGATA,,,,,,,,,,10
TGTTTTTGCGATGTGTTCCTAATATGCACTA,,,,,,,,,,10
GCTACAAGGCAGCACTGTAAAGAAGCTGAAAG,,,,,,,,,,10
AGGAGGCAAGATGCTGGCATAGCTGTTGAACT,,,,,,,,,,10
TTACCTCCCACTGCCCTCTCTACCCGGCACA,,,,,,,,,,10
TGGGCTTTCAGTCGGATGTTTGCAGCTGCCTA,,,,,,,,,,10
CAGTAACACTCTAAAAGGAGGCACTTTGTTTTCT,,,,,,,,,,10
TCGTCGGCCTGATTCACAACACCAGCTGCAGC,,,,,,,,,,10
ACAACAGAAAGTGCTTTCTTTTGGAGAATGACT,,,,,,,,,,10
ACCCTCATCTCGCCCGCAAAGACCCAGCCCT,,,,,,,,,,10
TGATTAGGCCGCAGATCTGGGTGAAATGTC,,,,,,,,,,10
AGGTAGTACCAGTACCTTGTGTTCAGTGGA,,,,,,,,,,10
AAAAATGATTGGTACGTCTGTGGGTAGAGTACT,,,,,,,,,,10
GTAATCCTCTAAAAAGATGCACTTTCTTTT,,,,,,,,,,10
AACAGAAAGCGCTTCCCTCTAGAGTGTCAC,,,,,,,,,,10
AAACCTCTCAGACAGTGCTACGGCCCCGAATCC,,,,,,,,,,10
GGTAACCCTCTAAAAGGAAGCACTTTCTTTT,,,,,,,,,,10
AAGCTTTCAGTCAGATGTTTGCTGCTACCGG,,,,,,,,,,10
CAGTTGCATAGTCACAAAAGTGATCATTGGCA,,,,,,,,,,10
TTCCTGCCCTGGCCCGAGGGACCGACTGGCT,,,,,,,,,,10
GAAAAATAGGTCAACCGTGTATGATTCGTCA,,,,,,,,,,10
ATTCATCAGAATTCATGGAGGCTAGAAGCA,,,,,,,,,,10
TTTTGAGACAGGCTTATGCTGCTATCCTTC,,,,,,,,,,10
ACCCCGGGAACGTCGAGACTGGAGCGCCCG,,,,,,,,,,10
CACACAACCTATCCTGAATTACTTGAACTGGG,,,,,,,,,,10
TTTCCAAAGAATTCTCCTTTTGGGCTTTCTGGT,,,,,,,,,,10
TATCTAGCACCATTTGAAATCAGTGTTTTAGG,,,,,,,,,,10
ACTCTAAACCATACAACCTACTACCTCAACCCGGA,,,,,,,,,,10
ACCTACCCTTATCAGTTCTCCGTCCAACACT,,,,,,,,,,10
GTAACACTCTAAAAGGATGCACTTTCCTTT,,,,,,,,,,10
TAACACTCTAAAGAGAAGCGCTTTGTTTTC,,,,,,,,,,10
GGGAGACCCTGGTCTGCACTCTATCTGTATTC,,,,,,,,,,10
TCATCAGCAAACATTTATTGTGTGCCTGCTAA,,,,,,,,,,10
ACCATCAGGAACTGCCTTTCTCTCCAATCCC,,,,,,,,,,10
TGGCCTGCATGACGGCCTGCAAGACACCTCG,,,,,,,,,,10
TCGAGATCCGAGCACCGGGGACCCCCCTCCC,,,,,,,,,,10
CAACAGAAAGCGCTTTCCTTTGTAGACTCAC,,,,,,,,,,10
CCCTAGCAGCGGGAACAGTTCTGCAGTGAGCG,,,,,,,,,,10
TTCAGGAAAGACAGTAGATTGTATAGTTATCC,,,,,,,,,,10
AAGCAATCAGCAAGTATACTGCCCTAGAAGT,,,,,,,,,,10
CCGATGCCCTTTCATCATTGCACTGCTTCC,,,,,,,,,,10
CGAAAAAGAAGTGCACCATGTTTGTTTCGTCA,,,,,,,,,,10
CCCTCGTGTCTTGTGTTGCAGCCGGAGGGAC,,,,,,,,,,10
GGTAGGCAGTGTATTGTTAGCTGGCTGCTTGGG,,,,,,,,,,10
TACTCCTCATGGAAGGGTTCCCCACTACCCA,,,,,,,,,,10
GTTTTTGGCAATGGTAGAACTCACACTGGTGAGG,,,,,,,,,,10
TAGGCGACCCACTCTTGGTTTCCAGGGTT,,,,,,,,,,10
CAGTCCCTGAGACCCTAACTTGTGATGTTTA,,,,,,,,,,10
CGTAACGCTCTAAAGGGAAGCGCCTTCTTTTTTT,,,,,,,,,,10
AGCAGCTACATCTGGCTACTGGGTCTCTGATGG,,,,,,,,,,10
CACAGCTGAGAGTGTAGGATGTTTACACACAC,,,,,,,,,,10
AACCGAGAATTGTGGCTGGACATCTGTGGC,,,,,,,,,,10
TGTTAAGGTGCATCTAGTGCAGTTAGTGAAG,,,,,,,,,,10
TGGCTGTGCAAATCCATGCAAAACTGATTGTGA,,,,,,,,,,10
GTAACCCTCAAAAAGGAAGCACTTTCTTTCC,,,,,,,,,,10
TAAAACAATGGTTGTCCGATATTAATCATCA,,,,,,,,,,10
AGCTCATATTACAATGAGCTCATCTTTCT,,,,,,,,,,10
TGTAGCAGAAGCATTTCCGCACACTGGTG,,,,,,,,,,10
CTCTCCAACAATATCCTGGTGCTGAGTGATGA,,,,,,,,,,10
GAGAAAAGATCAACCATGTATTATTCGAAGT,,,,,,,,,,10
GACACGGACCCACAGACACGAGCTTGTGTGC,,,,,,,,,,10
AGTGAACATACAAAGGGTATCCTCTCTTCA,,,,,,,,,,10
CACGGGCTGCACCAGCCTGCCTGCTGAGTGCA,,,,,,,,,,10
TGGGCTTCCCTTTGTCATCCTTCGCCTAGGGCTC,,,,,,,,,,10
TATTCTACAGTGCACGTGTCTCCAGTGTGGC,,,,,,,,,,10
GGGCTCTGACCTATGAATTGACAGCCAGTGCTCTC,,,,,,,,,,10
CTCCTGTTCCTGCTGAACTGAGCCAGTGTG,,,,,,,,,,10
GGCGAGCTTTTGGCCCGGGTTATACCTGAT,,,,,,,,,,10
TGTAGCTGGTTGAAGGGGACCAAACCTCT,,,,,,,,,,10
GAATGAACAGAAAGAGCAGAAGTCGAATGA,,,,,,,,,,10
TTCTGCAGAGCAAGCATCCCGGGGACTTTGGTGC,,,,,,,,,,10
GCTAAAGAACTTTGAAGTGAAAGCC,,,,,,,,,,10
CAGAGGATAGCCCCAATCCACAGCAGGATGGAGAA,,,,,,,,,,10
AGCACCAACTCTCCAGCCCAGCTGTT,,,,,,,,,,10
CGCGCCGCCGCCGCCCTCCTACCCGTG,,,,,,,,,,10
CGGAGGGACGTCCGGGGGCGGGGC,,,,,,,,,,10
CACCTGCGTCAGGTCCTCGTCGTTGAGCAGATGCGA,,,,,,,,,,10
TAGAACCCACCTCACTCTCCTCCCCGGGGCT,,,,,,,,,,10
GTCCTTTTCTGTCAGGTCCTCAATATTGAT,,,,,,,,,,10
CGGGCGGGGGTGGCCGCCGCGCTC,,,,,,,,,,10
CTCCAAGACTTGGGTAAGCTCTGGGCCTTCA,,,,,,,,,,10
GGCAGCAGGCCGGGGCGGAGCAGGAGCGGGCG,,,,,,,,,,10
GCGGAGGAAGCTGGAGGATAGGGGCTGACGCCA,,,,,,,,,,10
GGCCCGGCCGGGGGGCGGGGGAGGCC,,,,,,,,,,10
GGCCGCCGCCGCCGCCACCGAGGACG,,,,,,,,,,10
CACGCACCTCCACTCCCGCCTGTGTC,,,,,,,,,,10
GAAGTTTGTGATGACTTTCAAAAAT,,,,,,,,,,10
CCTTGGCGGAGTTGGGGATGGTGTCGCCT,,,,,,,,,,10
AAAGTCTCCACAGCCTCTAAGTTTTTCTCTA,,,,,,,,,,10
GCGCCGCCCTCCCGACAGCCGCGGCAGCGC,,,,,,,,,,10
AGGGAGGGGCGGAGATGGGCAGAGA,,,,,,,,,,10
CCCCCAGCCCGTGGACGGCGCCAG,,,,,,,,,,10
GCAACCAGACTAGAGTCAACATTG,,,,,,,,,,10
CAGGTCACTCCACCACCTCCCGAGGCTGG,,,,,,,,,,10
TGGCCACAACCGCTCAGTCTTCGTCTCTTCACAA,,,,,,,,,,10
TTTCCTCCTCCAGGCGCGCAATGTTGTCCTGGTA,,,,,,,,,,10
CTGTTCATCTTAAACTGAAATAATG,,,,,,,,,,10
CCTGTCGGATGGATGCGTGCCGTTTGTA,,,,,,,,,,10
CGCCGGCGGGTGTGGAGGCACAGTTGGTGCTAT,,,,,,,,,,10
GTAAGGTGGGGAGTTTTACTGAGTGA,,,,,,,,,,10
AGCAGGTCCACCCCAGTCTTCACAA,,,,,,,,,,10
GCTAGGCAACTGGGGATGTACATGGTAACAGTGATCAT,,,,,,,,,,10
ATGGTGGAGGAGGAGGTGGAAGTCATTTTG,,,,,,,,,,10
AGTAGAAAAGGTGTTGGGTGAGATGA,,,,,,,,,,10
AAGAGGACGGAGGCCATGGAGCCTC,,,,,,,,,,10
CAAAGGAGGGCCGGTCAGAGGGATTCCACTGCC,,,,,,,,,,10
GGAAGCCGGTTGGGGTGTGAGAGGTTTTCTCGCTC,,,,,,,,,,10
CCACTGCTTACCAAAAATGGAAACA,,,,,,,,,,10
AAACCCGCCCGCCGACCCGTCAGCGGC,,,,,,,,,,10
GGGTGTGGTGGCTCACAGCAGTAATCCC,,,,,,,,,,10
CAACGTAGTAGTTAACAGGGTCTCCGCTGTGG,,,,,,,,,,10
GCGGGCGGCGGCGCGCGGACCCAGGCGCGGA,,,,,,,,,,10
GTCTGCTCCTCCGCCAGCGCCGCCATCTT,,,,,,,,,,10
GTGCTCACCACCTCTCCCGTCCCCTCGCAG,,,,,,,,,,10
TATAGTTCTCATCCTTGGCCACCAGA,,,,,,,,,,10
CGACAATAATGAGAACGCAGGGGAAGATGGGGACAA,,,,,,,,,,10
AAGGCTGGCAGGTCGGGAGTAGAGGAAGAAGGG,,,,,,,,,,10
CCTAGTTTACCACCCGTTTCCATG,,,,,,,,,,10
TCATCAGGAAACTCTGGTTGTAGCAGGCGCCAC,,,,,,,,,,10
CCCCAAAGCCAGTCAAATTTTCTAA,,,,,,,,,,10
AGGGGCACGGCCACAGCCCCCCAAAGGCGAC,,,,,,,,,,10
GCGCACCTCGCCTCCCCCGCCCGCCCCCCGAGAT,,,,,,,,,,10
AGCCCAGCTCCCCAGTCCCCCACAACCCAGCC,,,,,,,,,,10
AGTCGCCGGAGGAGGAGACCACGTC,,,,,,,,,,10
GCATGCGGAAAATACTACAGAGTGTGCACACTGG,,,,,,,,,,10
TTCGAGTGGCCGCCGCCGCCCGGG,,,,,,,,,,10
GTCTTGACTCTAGTCCGGCAAGCT,,,,,,,,,,10
CGGCGGGCGGGGACGCGGCGCTGGGAGGAC,,,,,,,,,,10
AGCGCGCGGGGTGGGGGGGGTCCTG,,,,,,,,,,10
TCGCATGCCGCCTCAGCCTCCGAAAAGT,,,,,,,,,,10
AGCTAGCCCCCTCTTCTGCCGGTCCACT,,,,,,,,,,10
CATTGTCTGGCAGCACTTGTGATTT,,,,,,,,,,10
GATGTCCTTGGCGCTGGGGGAGGAGTTGCCCCC,,,,,,,,,,10
GCTGTTCGTTGATGAGGCTCAGAGTGAGCGC,,,,,,,,,,10
CGTACTGCACCAGCGGCGCGAACT,,,,,,,,,,10
CTGACTCGTCATCGTGTCATCACTGAAGGGTAC,,,,,,,,,,10
ATTGGCCAAGTGCACTTTCCAGCTCTT,,,,,,,,,,10
AAAACACACATTCTGTATAATTATCGCTAAATA,,,,,,,,,,10
CCCTCGGGCTCGGGGGCAGCCTCT,,,,,,,,,,10
CGAGAGCGCCGGGAGGGGGAGGAG,,,,,,,,,,10
ATACTGAAGATCAAGTGGAATGGAACTT,,,,,,,,,,10
TCTTCCCTGGTGGTCTAGTGGTATTAAA,,,,,,,,,,10
CAGCCGCCCCGACCCCTCTCGTCAC,,,,,,,,,,10
GGAGAGGCGTGGGGGGGCGGAACCG,,,,,,,,,,10
GTCCCCTCCACCTCCAAGTCCCTGGCAC,,,,,,,,,,10
CCGCGCGCGGCGGCGGCGACGACGA,,,,,,,,,,10
CAGTAGAGGGGTAGAATTAGGGTTTGGG,,,,,,,,,,10
GGCAGCAGCCGGGCTGAGAGGAGCGTGGCTGTCTCCT,,,,,,,,,,10
CGGCGCCGCCGCCGCCCTCCAGTTGTA,,,,,,,,,,10
GGATCGGGGCGGCGGGGGGCGCGGGG,,,,,,,,,,10
AAGTCGCTCTGTCTCCATCATCCTGGAGCC,,,,,,,,,,10
CCTCTCCCCCCAGAACCCAGTTGA,,,,,,,,,,10
CTGGACATTTGGTGGATGTTCTTA,,,,,,,,,,10
ATACTCCCCTCCCTCCTCCCGCAGCATT,,,,,,,,,,10
ATGTGGCCTCGATCAGAAGAGGTG,,,,,,,,,,10
AGGCCGCTACCTCCTCCACACCCGCCATGTTG,,,,,,,,,,10
AAATGGCAGGATGAGGATGGCAAGAAGCAGC,,,,,,,,,,10
GGCGGAGGAGGCGGCGGCGGGAGGAGGAGTCG,,,,,,,,,,10
CGTGAGCGTGAGGTGTGGGTGTTCGT,,,,,,,,,,10
GAGTGTTTCCCTTATTTCCAAACAAAG,,,,,,,,,,10
ATAGAACTGGAGACTGAGCAATCG,,,,,,,,,,10
CAAGCCCACGGCCCCTCCGAGCGA,,,,,,,,,,10
TTTAGAATGTTCTTTATTCTGACAGTTGTTGGAC,,,,,,,,,,10
GAGCAAAGATCCTCAACGCAGCCTACCTGAT,,,,,,,,,,10
GGCATGGTTGGGAGGTTGAGCAGTAAGAGACC,,,,,,,,,,10
TTTTGGCACCAAGGCTAGAGCGCCGCTTTTTGCCAC,,,,,,,,,,10
CGCGTCGGTCCGGCCTCTACGCCCGCCTGGCCCTCTGC,,,,,,,,,,10
ACCCCTCCTGTCCACCCTGCCTGCTCACCA,,,,,,,,,,10
CAGGCTGCCGGCCTCACACCTGCTC,,,,,,,,,,10
GCTTCGGGCGGCGGCGGGCGCGGG,,,,,,,,,,10
CTCCTGCTCCACCTTGACCTCCGCTTCTTCCTTCCC,,,,,,,,,,10
GATAATGGGGACGTTTGCCAGGACTGCATTCAGATG,,,,,,,,,,10
CACTCTCAGTGATGAAAACTTAATTA,,,,,,,,,,10
CCCACAGTCAGCCCCGCCCCCAGGC,,,,,,,,,,10
AAAGCCATCACCCCAGGAGACTCGAA,,,,,,,,,,10
CAAGAAAAGGTGTTGGTTGCTGATCT,,,,,,,,,,10
ATATGTTCAGATAGGTTAAATAAAT,,,,,,,,,,10
CTCGGAGCGGTCGGGCGGAGCCTG,,,,,,,,,,10
GCACTCCTGCCCGAAGTCCAGTGCCCAGGTTAG,,,,,,,,,,10
CAAATCACCAAGAAGATGGGCTACTA,,,,,,,,,,10
CACGAAGGGACGGGAGATGGCAGGC,,,,,,,,,,10
GAGGCCACCACCCAGCCCAGCCACGTGG,,,,,,,,,,10
TTTGTTCAGGTATCATCATGAGCCTAGTC,,,,,,,,,,10
CTAGTGGGATTCTGACTGAAACAAT,,,,,,,,,,10
GGAGGGGGCGTGGGTTTTAGCCGA,,,,,,,,,,10
GGTATGGAAGTAGGAAATGTTTAGGCTG,,,,,,,,,,10
TATTTTGAATGATGAGCCTTCGTGCCCCCCCTTCCC,,,,,,,,,,10
AAGCCATCTGTGGGGTTATGAGAGGC,,,,,,,,,,10
GGCCCGGCCCCGGCTCGCGCTCCGCTCCC,,,,,,,,,,10
CCCAACACAATGAACTGAACATTAC,,,,,,,,,,10
AAGTCAAACTTCTTTTCAACTATAA,,,,,,,,,,10
TAGGTAAATGATGACTTCACTTTCGAGG,,,,,,,,,,10
ACTACTACACTCCAGAAGCCTGGC,,,,,,,,,,10
GATAAATCTTTAAGTCATCATCGATCCAGGC,,,,,,,,,,10
TATGTTGTCCATGGTGAGGAATAAA,,,,,,,,,,10
AGCAGCTCCGCGGCGGCCGTCAGCT,,,,,,,,,,10
ACTGCCTCAGATGGTAGTGGTATG,,,,,,,,,,10
GCCCTTTCCGGTAAAAAGCAAGTG,,,,,,,,,,10
ACAGCTGGAGAGCACTGAGGACGCGGACCCAC,,,,,,,,,,10
CTCACGGTGAAGAGACATGTATGTT,,,,,,,,,,10
CTATTGTCCTGGAGGACTGAGCACCTGTGGGG,,,,,,,,,,10
GCAACCACGACGAGGTGCTGGAGGCGCTGCT,,,,,,,,,,10
GGGTCCCGCCGGAGCCCGCCCCCTCCCGCGA,,,,,,,,,,10
TAAATTGATCCAACATGCCCAGGT,,,,,,,,,,10
CCAATGGCAGCCTCCGTCTCCTCCTCCTGC,,,,,,,,,,10
AAATGGGATGTAGCTCAGTTAACA,,,,,,,,,,10
CTACTATTCTGCCTAGCAAACTCAAACTAT,,,,,,,,,,10
CCACCTCCGACCCGCGCGCAGCGC,,,,,,,,,,10
AGATGCAGTGGATGAGTGGACGGGCTTTAACAA,,,,,,,,,,10
CTATTCACCCCTTCTCAATCCCCACAAAATAGGGG,,,,,,,,,,10
CCTTAAGGGGAGGAGGACGGATTGATTCC,,,,,,,,,,10
GACCGCGCCCCGGCCCGACATGGC,,,,,,,,,,10
ATGAGGAGGAGCTGGGGATGGCGTCGGCC,,,,,,,,,,10
TGCTGCCTGCGCAGCTCCCACAGCTCCAGCAGCGC,,,,,,,,,,10
ACAGCCCTCTATGGGCCCGAATCTTCTTCAGTC,,,,,,,,,,10
GCTGCCGGCCACGTCCCTCTCTCTGCCTCTCGGGTAC,,,,,,,,,,10
GTCCTTGTGGGGCTGGAGAGATGGGCATAAGTCAG,,,,,,,,,,10
GCCTTGCAGCACTTCTCTACAAAAGCT,,,,,,,,,,10
TTGTGGTGGTGGTGGCTGTTTTAAACT,,,,,,,,,,10
CTCCCCGACGGCGCGTCCCGCAACCC,,,,,,,,,,10
CTTGGAGAGACGACTAGGAGGACAGCTTGCC,,,,,,,,,,10
ACTGCCCTGCTCCCCCTGTCCCCGGCTCCGCGGTGGT,,,,,,,,,,10
GGATGCGGCAGCCGCTGCCCCAGCCCTCACCCA,,,,,,,,,,10
AGGAACACCCAGTCCGCACCGCAGGCCAAGGCACTCAC,,,,,,,,,,10
GGCAGGAGTCCGAGGAGGTTAGTTGTGGCAA,,,,,,,,,,10
GAGTTACACCTCTCATGTCTGAGCT,,,,,,,,,,10
GGCCGGCCGGGCGCGATCCGGGAA,,,,,,,,,,10
CGTGGGTGGCGACTCATTCCTAGGTAGTCATTA,,,,,,,,,,10
ATCAAAGGTTCGTTTGTTCAATGAT,,,,,,,,,,10
GCCCCATGGCCGGACCCCATGAGGAAGGCGCCTCC,,,,,,,,,,10
TCAGGCAGCTCGTAGCTCTTCTCCAGGGAGG,,,,,,,,,,10
CATAACAAGCTGTGGTCTGGGGTAACAGCCTC,,,,,,,,,,10
TCCTTTGTGACTCTAGATAACTAGGG,,,,,,,,,,10
AACAATCGGCCGCGCCGTCGCAGGCACCCG,,,,,,,,,,10
TCTCCCCGCCGCCGCCGGCATCGCG,,,,,,,,,,10
CGCTCCCCGCCGCCCGCCCAAGGAAG,,,,,,,,,,10
ACAGGTCGCCAAGTCTGATGACAG,,,,,,,,,,10
ACTGCGCCTCGTCCAGCCGCAACCCC,,,,,,,,,,10
TTTTTCTCCTCACAGTTGTATATAT,,,,,,,,,,10
AGTGACTGCGGGAGTGGAGCCGGCGAGA,,,,,,,,,,10
ACACTAATGACTGGGAAGACCACTTGGCAGTCAAGC,,,,,,,,,,10
TGAAGTCCTCACCTCCCTGCCCCAAA,,,,,,,,,,10
ACATAAATCGTCCAACAAATACTTTGCGATC,,,,,,,,,,10
GCTTTGCCGACTTCCCTTTCCATGGA,,,,,,,,,,10
TCCACCCACGTTCAACTGCAGGGG,,,,,,,,,,10
TGACCCGGATGATCCTCAGTGAAATG,,,,,,,,,,10
GCAACATAAGAGTCTGTCATTTCC,,,,,,,,,,10
CATAAGCACTGCCTTTGAACCTGATGTGTCTTG,,,,,,,,,,10
CTCCCAAGATCTGAACCTGCATTAT,,,,,,,,,,10
CAGCCGCCGCTACAACCGCCATCCCCGCTCACCAC,,,,,,,,,,10
GTGATGAGGACATTGTGGATGATA,,,,,,,,,,10
GACTAAAGTGGAATTCGAGACCAGCGAGGAGGT,,,,,,,,,,10
CTTAAATGGGCGAAAGATCACGATGAAGAGGTA,,,,,,,,,,10
TCCGTGGGTCGGGCCGGGCGGGCCAGG,,,,,,,,,,10
TCTTGGCCTTCACCTACACACCCAAGCTAAA,,,,,,,,,,10
GGAGGTGGCGGGGGTGGCGGGGGCGC,,,,,,,,,,10
CTCATTCCGCAAAGCCAGTTCTCTTTCGTGTT,,,,,,,,,,10
GGTGGCCCTCAGTTCACTTCCTGCTTGCTCC,,,,,,,,,,10
GCCACCTCCACTTCCGCCTTCTCCAGGGACT,,,,,,,,,,10
TGAGCCGACCCCACCCCGGCTCTC,,,,,,,,,,10
ATCCCCTTGTAAATTTAACTGTTAGTCTA,,,,,,,,,,10
CGGTCGTTGATGGACAGAGCCGAGT,,,,,,,,,,10
ATGGTTTGTGATGACTGACAGTAAG,,,,,,,,,,10
GGGCCTCCCGTCCTCCCGCCAGCC,,,,,,,,,,10
TTCTCCGCCTCCTTCTTCATCATAGT,,,,,,,,,,10
TTCGGCAGAGGGCGCTTCGACGGGCTGGGCTGTGCGC,,,,,,,,,,10
TCATGGAAACCTTCTCCACTGAGC,,,,,,,,,,10
GTGTCCGGTATTTCCTCAGCCCCCTTTTATTGG,,,,,,,,,,10
AGGGGCAGTTGCGGGAGCTGGAGCGGGAGTATGC,,,,,,,,,,10
GCTCGGCCCGTGCGCTCGGCGGTGGC,,,,,,,,,,10
AAGTACCACGTCCAGCCGATGAGGGGCACG,,,,,,,,,,10
ACAAAATTGATTTTTGGAGCAGTGATG,,,,,,,,,,10
CCACCGCCCCACCCCGCGCATGCTC,,,,,,,,,,10
GGCCCCGGGGCCTCAGAGGATGCTGCGCCAGGC,,,,,,,,,,10
TGCGGCGGCGGCAGAGGAGCGAGTGCAGCG,,,,,,,,,,10
GCAGAGGCTGAACACCTGCGGAAGGAGCTG,,,,,,,,,,10
GAAACCCTCAATCTTCTAAACTTC,,,,,,,,,,10
CCTCCCCCGGCCCCGTGTCCTCACCAT,,,,,,,,,,10
GGATGGAGCCCGCGCCCCGGTCGACATT,,,,,,,,,,10
CTCTGATATTCCTCACTGTTAACT,,,,,,,,,,10
TGTGTGGGGAGTTTGTCTGGAAGG,,,,,,,,,,10
TCACCTTCCAACAAATGCTGTTCACTTTCTCT,,,,,,,,,,10
AGCCCGCCGGCCAACAGCGCCATCGCGG,,,,,,,,,,10
GGTCAATGTGATTTCTGCCTGGAT,,,,,,,,,,10
AAATCTCCAGTCTCATAATCCCACACCTTAATT,,,,,,,,,,10
GTTCCCACTCATTTTGTTCAGCTTTCCAAGGAA,,,,,,,,,,10
CATGACCCAGTTGCCTAATCGCTA,,,,,,,,,,10
CAATGATAGTCATCACAGCAAGTCCT,,,,,,,,,,10
GATGGTGGATGATGAGAACAGGCA,,,,,,,,,,10
CCGCAGTCTCCGCGCCGCTGCTGTAG,,,,,,,,,,10
AGGGGACACCAGCCACACTTCACCACAGGCATAGGT,,,,,,,,,,10
GCCATTCGGCTGCGGTACATCTCGGCACTCT,,,,,,,,,,10
CTGCACCGCGGAGCCCACCCCAAGACTGAGC,,,,,,,,,,10
GAGCCCCCTCCACAGACACCCGCGGG,,,,,,,,,,10
TCTGAGCCCCCTTCCCCGCCGGCGCCG,,,,,,,,,,10
AGCAGGAGCTGTCGGGAAGATCAGAAGCCAG,,,,,,,,,,10
TCATGAAGGGAAGATGGCTGTGGAAGGTGTTTTA,,,,,,,,,,10
GCCGCCATGGGGGACTGCGCGGAGATTAAGTCG,,,,,,,,,,10
CCTAGCGCCGCCATCTCCTCGTCCGTCAGCTC,,,,,,,,,,10
GACAAATTACAGATTGTCTCAGAGAAAACAAA,,,,,,,,,,10
TCTGAGGAACAAGGTGGAAGCTCCAGAGCGCT,,,,,,,,,,10
TTTAACCAACTCCTTTTCTGGTGCC,,,,,,,,,,10
TAGATAACATCCCTGAGGACCTCAGAGACCCTTTCTA,,,,,,,,,,10
CCTCGGCGGGGGCGGCGGGACCCTAGC,,,,,,,,,,10
TACAAGAAAGAAAGTCGGAGGATGTG,,,,,,,,,,10
GCCGAGGGAACGTAGCAGGGCACACGTCT,,,,,,,,,,10
CCTTTCGGGCGCGGCGGGCAGATCGAGCCTGG,,,,,,,,,,10
AAGCCCAGTGATCCACCGCTAAAAGT,,,,,,,,,,10
TCAGGCTCTTTGAGGTCACAATCTTCCATGATG,,,,,,,,,,10
AGCGTGCGGGGGAGGGCGGGGAAGG,,,,,,,,,,10
CCGCGCCCGGCCTCGTCCTCTGCCCCAGGCC,,,,,,,,,,10
ACCACTGTCTCCTCCAGCCCTTTGAGGTCTTC,,,,,,,,,,10
AGGTTCCGCCGCGCCCGCCAGAGATAAGCC,,,,,,,,,,10
ACTGCCCGGGCTGGACGACGTCTGGCCGG,,,,,,,,,,10
CGCCGCCGGTCCGCCATCTTACGGAGA,,,,,,,,,,10
GCGTCAGACCCAGGCCGCCACCTCCTCCTCCTCGGCAC,,,,,,,,,,10
TGCCGGCGCGGCCCGCCCGAGGGC,,,,,,,,,,10
CAGTCCAAGTGACAGAGCTTTTGTT,,,,,,,,,,10
CCCCCTGACACCGTCCACGGTTCG,,,,,,,,,,10
AGCAGCTCCAGTCCCTCCACAGGCATTAAGAGGT,,,,,,,,,,10
GGGACAGTCCGAGCCAAATCATTTTTC,,,,,,,,,,10
GGGAGCGGTGAAGATGGAAGGGCACGA,,,,,,,,,,10
GCTTTGGGGATGGGGGTGGTGGCCCCACC,,,,,,,,,,10
ATACGCCGGTATTTGTCATCATTGGTCCAGGA,,,,,,,,,,10
TGCTCAGTAAACACAGCTCATCACAAATCCAGC,,,,,,,,,,10
GCCGCCCTTCCCTCATCCGCTTCCGCAGCTT,,,,,,,,,,10
AATTATATCTCATCATTAATTCTGT,,,,,,,,,,10
CCTGGGGACTGGGCTGAGAGGGTGGACGAGT,,,,,,,,,,10
GTGAGCACTGAAGGGGGTTGCACAGTGTGTAA,,,,,,,,,,10
CGCCGCGCGGGTCGGGAGGTCGGA,,,,,,,,,,10
AGGGCCGGCAGGTGGGAAGTGGAGGTGATGGGG,,,,,,,,,,10
CATCGTCGGGTGGCGGGGGAAGGTCG,,,,,,,,,,10
GGATTGCTCAGACAGCCAAGAGAAAAGAGGCA,,,,,,,,,,10
TCCTCCCTTTCAGTCACACATGCAAT,,,,,,,,,,10
GCTCGCGCCTCTCGCCCGGCCTCTAAGAGT,,,,,,,,,,10
CAAAAAGCCTTCAGCACCCGGTATTTCTGT,,,,,,,,,,10
GGCTCCGCCAGGCCCGTTCACAGC,,,,,,,,,,10
AGGCGCTGTCCTCGCCCTCGACGATCTCTGCGGCTTCC,,,,,,,,,,10
CCGCACTCTACACACTCCTACTGCTGCCACCACCG,,,,,,,,,,10
TGGGGTCTAAGGGGCTGGAGAGGA,,,,,,,,,,10
AGGCGGAGGGGCCGCGGGCCGGAGCTCC,,,,,,,,,,10
GGCTCACTTCAGGGTCTTCACGAAATCTTCC,,,,,,,,,,10
AAGGTCGTGAGGGTCTGCAGTCCGAGATGG,,,,,,,,,,10
ACTCTGCTGTGATGACATATATTG,,,,,,,,,,10
GCCTCCTCTGAAGGCCGGCCATACCAGAGT,,,,,,,,,,10
TCCTGTTGGGGATGGGGTGAAAACGTTC,,,,,,,,,,10
GACCCAACGATGGTGGTGGAGTGGCTCCATGAT,,,,,,,,,,10
CTTCATAGTTCACCATCTTTCTTTAAG,,,,,,,,,,10
CCTGGGTCCCCCACCAGCGCCCATAGCT,,,,,,,,,,10
AGCGGGGCGCCGGCGGCTTTGGTCCGGG,,,,,,,,,,10
ACAAAATGAGCCGCCTTGGATTTTCCTTGCTGG,,,,,,,,,,10
AGGATGCTGCTACCCGACTCCCCTTACGCC,,,,,,,,,,10
AAATCGGGCCCAAAGTTCTCATTAAATATTTCA,,,,,,,,,,10
ACCAATGTACTCTGGCTGCTGGGGGGACAACCAT,,,,,,,,,,10
AGGCGCCGTCGCCGGCCCCGGGCA,,,,,,,,,,10
TTTGGCCTGGGTCGGGGGAGGGGGCAG,,,,,,,,,,10
CCTCCCCGCTCCCGTCCACTCCTCG,,,,,,,,,,10
CTCCGGTCTGAACTCAGATCACGTAGGACTTTAAT,,,,,,,,,,10
AGCTCCCGCCCGCGCCAGCCCAGGTCTC,,,,,,,,,,10
CTCTGTGTCCTGCAATGCAGACAC,,,,,,,,,,10
CCACGACTTCCGTTCTCCGCCGCCCGGCATGGG,,,,,,,,,,10
GACGGTCCGCGGGCGGCGGGTCCCG,,,,,,,,,,10
CCACGGGCGGGTGGGCGGAGGGGCA,,,,,,,,,,10
TGCTATCTCAGAGTAATCCCAGGA,,,,,,,,,,10
GGGGACCCGGGGAGGAAGTGGTACA,,,,,,,,,,10
TCTTGGCACATGCTGTGTTCTTCATCCTTTGTC,,,,,,,,,,10
TTGGCAGAAGACCTGAGGCTGAGCTGTGCCAA,,,,,,,,,,10
GCGCCCGCCCCGCCCCGCTCGCGATTTGGC,,,,,,,,,,10
CCTCCATTCTCATGATAATCCTATTGTT,,,,,,,,,,10
ATTTCCAGAACTTATGAACATGCTTTGG,,,,,,,,,,10
GCTGGACCTCAGTTCGACGAGGATGACAGTATAGA,,,,,,,,,,10
TCGAAGTCCGCCATTTGCCGTCTCCG,,,,,,,,,,10
GACCTAGCGCTCCTCCTTCCCCGCCGGCGCCCA,,,,,,,,,,10
TTTGCAGGTGTTGCTGGAGTAGGAGCTGGTTTG,,,,,,,,,,10
ATTTCTCATCCATCAGACCTTCATTAATGA,,,,,,,,,,10
CCTTGGAGAACAGAGTTTTGTGGAGCTGGTTCC,,,,,,,,,,10
GGGACCGCCGACCCCAGCCCTGGACACGACACG,,,,,,,,,,10
GCGACCCCGCGTTTCTCACAGCCTGCATG,,,,,,,,,,10
CATCGATGAGCCGCTGCTGGTCCTGCTCCGTCATCTC,,,,,,,,,,10
CCGACCCGAGCGACCCAGCGAGAGAGAGCAC,,,,,,,,,,10
AGAAGAAGATTGCAGGTTCAGGGC,,,,,,,,,,10
AGAGGCTGGAGGTTGAGAGGGCCTGG,,,,,,,,,,10
GGGAGCCGGGCTGGCAGGAGCAGGATGGCGGCGGCGG,,,,,,,,,,10
AGTGGTGACAATGAGACCTGTAACATTTTGCCA,,,,,,,,,,10
AGGCCCCGCGCGCGGCACCGCGGC,,,,,,,,,,10
GGTTCCAGCCTCCTTCCCACCAACCATGCC,,,,,,,,,,10
GTTGGCGGGTCGGGGGGCGGGTTCTTT,,,,,,,,,,10
CAATCCGGGGCCACAAGTCTGCACACTCCT,,,,,,,,,,10
AAAATACTGTCACCAGGTTCCCCACAGCAGCCC,,,,,,,,,,10
GCCTAGGTGTGTGGAGCCTGGAAGACCAGGGAT,,,,,,,,,,10
GGGCCGCCCTCCCTTTCCCCCTCCC,,,,,,,,,,10
ATACTTCAAAGTTATCGTTTTATTC,,,,,,,,,,10
ACATGACTGTGCTGAGTCTGGAAAA,,,,,,,,,,10
CCCTGAATCTTCTACGAACCCTGTTGTCAATGCCT,,,,,,,,,,10
TGACCGCGGCGTCGGGACCTGGTT,,,,,,,,,,10
AATGGCTCCACCCGGGCCTGCAGAC,,,,,,,,,,10
CGTGCACCAGGACTGGCTGAACGGCAAGGAGTACAA,,,,,,,,,,10
GCACTTCAAATTTCTCGTTTTACA,,,,,,,,,,10
TAGTGGCACGTCCACTCCGAGCCCGGCTG,,,,,,,,,,10
TGCCCGTCTTCTCAGAGCTCCACTAG,,,,,,,,,,10
CTCTGATCGCGGCCTGCTGTCTTCCGTTCAC,,,,,,,,,,10
GCGGGGCCGGCCGCGCCGTCCAGCC,,,,,,,,,,10
AACATATGTAGAAACTGTGAATGGATTGCT,,,,,,,,,,10
TAAGTGTAAAAATCATCATTGCCATCAGAA,,,,,,,,,,10
TACCCCACAAATGTTTCTAGACAGTAGATATGCCCAAA,,,,,,,,,,10
TATAACCAAGCATAATATAGCAAGGACTAACCCCTGTA,,,,,,,,,,10
CAGACCTTCAAGACTGTCTTTGCTGAGCACATCAG,,,,,,,,,,10
CCTCCTCTCTTCCTCGTGGTTCCCA,,,,,,,,,,10
CTGCTGCACAATCTCAGCCTCCATCCGGGAG,,,,,,,,,,10
CCGCCCCTGCCGCCCCAGCCGCGCCAGCCGCGC,,,,,,,,,,10
CGGGGCCGGACCCGCGGCCGAGGC,,,,,,,,,,10
ACCCTGCGGCTGGAGCAGAGACAGTG,,,,,,,,,,10
TGGTTCCTCAGATCCTCAGTTTTGGA,,,,,,,,,,10
GAGCCCCGGCGATGGGGGGGATGG,,,,,,,,,,10
ATTCCCTGTTCCGCTGCTCCCACCCTCACTGTGGG,,,,,,,,,,10
CTCCCCCATGTTCAACTGCTTTTCC,,,,,,,,,,10
GACTTGTTCTTGCTCTCGTACTGGGCCTG,,,,,,,,,,10
CAGGCGGCGAAGATGGCGGAGAACAGCGGTCGCGC,,,,,,,,,,10
AGACAGGCCCGGCCCTGCTTCATCC,,,,,,,,,,10
CAGAGCCATCAGCCAGCCCACACCCTGGCCCCA,,,,,,,,,,10
TCTCCACCTCCCCGGCGCGTCCTACACCTGACG,,,,,,,,,,10
CAGCGCCCTGACTGACCCAGCCCCGCC,,,,,,,,,,10
ACACAGTACAGTGAAACTGCTCTTA,,,,,,,,,,10
TCTCCGCTCGCCGACCGCCCCCCA,,,,,,,,,,10
GAGGAGGACGAGGAGAGCCGGCGGCGGGAGGCCAAGGT,,,,,,,,,,10
TGGTCTCCTCTTCCCAGTCGTCCACGTTGC,,,,,,,,,,10
TGCGGGGGAACCGGCCCGCGTCCCG,,,,,,,,,,10
TCTGGCGAGCAGTTTTGTTGATTTAACTGTTG,,,,,,,,,,10
GAAAGAAGATAGTGAACAAATGATTAT,,,,,,,,,,10
GTCGCCATGGGGCAGATCGAGTGGGCCATGTG,,,,,,,,,,10
ATCATGAAGGGCGGGGCTGTGGCCGC,,,,,,,,,,10
GTAGTGGGTCCCTGGTCTCCTACAAGTCCTGGGACAC,,,,,,,,,,10
AGCGGCCAACGTCCTGCTGTCTGAGCA,,,,,,,,,,10
AGCCGGGGTGGCGGCGGCGGCGGCAGCA,,,,,,,,,,10
TAGGTCTGAATTCAAGAGAAAGTACGGCAAGTC,,,,,,,,,,10
ACAACCTCAGAGTTATAGGTAACA,,,,,,,,,,10
CGCCGCCCGCCGCCGCGCGCCACAGC,,,,,,,,,,10
GAGAGAGACAAAAGACTGGCGGCCAAACAGAGCAGTGG,,,,,,,,,,10
TTCCCGTGTCCGGGCCGGGGTGCCT,,,,,,,,,,10
TCTAGCTTGACTCTAGTTTGTCAGC,,,,,,,,,,10
GGCTAGACAGGATTGAGGAGAGACTGCCT,,,,,,,,,,10
ACCAAACTAATGACTGAGCTGCTG,,,,,,,,,,10
CTGAATGCTCTGCTCCAGCTGCCCTCTCAGAGC,,,,,,,,,,10
CCCAAACCAGTCCTGTTTCTCTTGCTCACAGAGG,,,,,,,,,,10
AGTAAAGAGTTATAATCCCTGCAGGTCTCTTG,,,,,,,,,,10
TAGGCAGATGAACATGGGTACCTT,,,,,,,,,,10
CCCCAGAAGTTGAACTATGGATAGCAGCTTG,,,,,,,,,,10
CAAGAACTTGGGGTTCTTGAACAAT,,,,,,,,,,10
TCCTGTGCCTCCTTCTCCTCCTTCTCTTCCTCC,,,,,,,,,,10
CCAGGGAGGTGGGAGGAAGAAGTGGGAAAT,,,,,,,,,,10
GGCTGGAGGGGACCCTGCGGCTGGGAGGG,,,,,,,,,,10
TTTCCTCTAGTTCTAAGTCTTATATG,,,,,,,,,,10
GACCCGGGCGGAGTTGGACACGGTGTGCAGAC,,,,,,,,,,10
TCGCTCCCAGTCGACTCTGCTCCGC,,,,,,,,,,10
TCCTGCCCTTTCTGCCCGCCCTGACCC,,,,,,,,,,10
ACAAGAGGTCGAGGGCGTGGAGGTAGAGGTG,,,,,,,,,,10
GCTGTGGAGACGGGGGAGGGTCAG,,,,,,,,,,10
ACAGGAAGCGGGCGGTGGAGGCAGCAGCAGAGGGA,,,,,,,,,,10
CCATCAAAACTCATTTCCCAAGGACTGTA,,,,,,,,,,10
CTCAAAATACTTTTCCCCACTCCCTGCTTTAA,,,,,,,,,,10
ACATCGTGAAGAAGCTGAGCAGACAGGAGTTTT,,,,,,,,,,10
ATCATGCTGCCACCGCCACTACCACCACTGCTGCC,,,,,,,,,,10
CCTGTCCCTCCTACTCGGCCTGTCTG,,,,,,,,,,10
TGCCCAGTGATTGTGGGTTGGAGA,,,,,,,,,,10
TTAAACTGCTCCCCTTCACTGTCCCACCTAGGGGTGG,,,,,,,,,,10
CAGCGGCTGGGGAAGATGAGGCGTCGTGGACGGCGCC,,,,,,,,,,10
TCCATAAATGCCCGCATCCTCCCA,,,,,,,,,,10
GCCGGGTCGGGCTGCGGGCGGCCGGGC,,,,,,,,,,10
GGGCTACAACCTGCCTCAGCCCGCCCCGG,,,,,,,,,,10
GGAATGTCACCACCATCCTGCTCTCCGAGGACT,,,,,,,,,,10
TGGTCGGAGCGGGCTGGGCAAAGCGGGACAGGG,,,,,,,,,,10
GCGCTCCTCCGCCCGCCGCCGCCTCC,,,,,,,,,,10
CGTCCATCTTCCCAGTCCGGCCGCCGACTGACCC,,,,,,,,,,10
ACCAGAGGATGACGGTGGCTCCCAAGTGAC,,,,,,,,,,10
GCAACGCTTGTAGAACTCACTCTGGGCTGTAACGTG,,,,,,,,,,10
TCAGCCCAGCCCAGATCTCCTGAACA,,,,,,,,,,10
GTGGAGATGGGGAGTGGGTAGAAGTGTGTGAA,,,,,,,,,,10
GGCTGCCGCAGAGGCTGCAGGAATCCTGCTGG,,,,,,,,,,10
CCTCTGCTTCCACCTCCCATCTTCCTGTGGTCTG,,,,,,,,,,10
AAAGCTGGAGGAGGAAGGGGAGTTTGACTAAA,,,,,,,,,,10
ATGGGTAAACAGGAGATCCTACTAC,,,,,,,,,,10
GTCGGGTGCGGAGGAGCAGACCTCAAA,,,,,,,,,,10
GGCTCCTCCCGCCGCGGGAGTCCGACCG,,,,,,,,,,10
CCAAACCAATCCTTGTACCCGTGGCGC,,,,,,,,,,10
GATGTTCCTTCCCAGGCATCTGGACT,,,,,,,,,,10
GATCCCCGTCCACTCTCGACACCCA,,,,,,,,,,10
TGATTACACATGCAAGCATCCCCGTCCCGG,,,,,,,,,,10
ACCGCGCGGGTCGGGGCGGAGCCTG,,,,,,,,,,10
GAGTCCACAGATGGTAGCTTTGGCA,,,,,,,,,,10
AAGTCTCAGTCACTGTCCTCTGCCTG,,,,,,,,,,10
CAGCAACCGATCTGGAGACCACCGTGGCAAATTT,,,,,,,,,,10
GTTCACTCAGTCTCTCCCCTGCCAATCATGA,,,,,,,,,,10
ACAGACCAAATCTTTCATCACAGTTGCCAC,,,,,,,,,,10
AACCTGCTGTGATGACATACTTCC,,,,,,,,,,10
GGCATCCATCTTCTTGTCCTTCAGCCGTGGGGATGT,,,,,,,,,,10
TGCCCGCCCCCCGGCCCTGCGTCATTCC,,,,,,,,,,10
AAGAGCTCTGGAAGTCCTTTTCATAGCG,,,,,,,,,,10
ATGTATCAGAACTAACTGGCAAAATATAAGACG,,,,,,,,,,10
GCCGGCAGTTGTCATCATTGGTCCAGGAA,,,,,,,,,,10
AACAGAATCCTACCACTGAGATTT,,,,,,,,,,10
GGCCCCATGCCCTGAGCCCGCCCGCGGCCTTTG,,,,,,,,,,10
CACTGGAGTGGGGCTGGGGGGTGGGTGGAA,,,,,,,,,,10
CCCGCCGCCCCGACGCTTCCGCCC,,,,,,,,,,10
ACTAAGTGAATGATTAGAGGGAGTT,,,,,,,,,,10
GTATCTTGGGGGACAGGGCTGGCCCAGCCCT,,,,,,,,,,10
GAGCCGACCCTTCTCTCCCGGGCT,,,,,,,,,,10
CTGAGGTCCTCTCCTCTCCACACACACACGAG,,,,,,,,,,10
GCTTCTGGGTTTCTCAGTCTGGCAGTAGTCTGGCAG,,,,,,,,,,10
